{
  "hash": "9670ce3f",
  "configHash": "b4c66c1e",
  "lockfileHash": "f9ffe544",
  "browserHash": "669dace9",
  "optimized": {
    "@angular/common": {
      "src": "../../../../../../node_modules/@angular/common/fesm2022/common.mjs",
      "file": "@angular_common.js",
      "fileHash": "127cfb6e",
      "needsInterop": false
    },
    "@angular/core": {
      "src": "../../../../../../node_modules/@angular/core/fesm2022/core.mjs",
      "file": "@angular_core.js",
      "fileHash": "5711d506",
      "needsInterop": false
    },
    "@angular/forms": {
      "src": "../../../../../../node_modules/@angular/forms/fesm2022/forms.mjs",
      "file": "@angular_forms.js",
      "fileHash": "b9839390",
      "needsInterop": false
    },
    "@angular/platform-browser": {
      "src": "../../../../../../node_modules/@angular/platform-browser/fesm2022/platform-browser.mjs",
      "file": "@angular_platform-browser.js",
      "fileHash": "e5686b23",
      "needsInterop": false
    },
    "@angular/router": {
      "src": "../../../../../../node_modules/@angular/router/fesm2022/router.mjs",
      "file": "@angular_router.js",
      "fileHash": "63624764",
      "needsInterop": false
    }
  },
  "chunks": {
    "chunk-YHYTR6LY": {
      "file": "chunk-YHYTR6LY.js"
    },
    "chunk-HJSLYVXA": {
      "file": "chunk-HJSLYVXA.js"
    },
    "chunk-Z3GLR2YK": {
      "file": "chunk-Z3GLR2YK.js"
    }
  }
}