{
  "hash": "81a5a1fb",
  "configHash": "da078246",
  "lockfileHash": "f9ffe544",
  "browserHash": "39371ac0",
  "optimized": {
    "@angular/core": {
      "src": "../../../../../../node_modules/@angular/core/fesm2022/core.mjs",
      "file": "@angular_core.js",
      "fileHash": "4876cc30",
      "needsInterop": false
    },
    "@angular/platform-browser": {
      "src": "../../../../../../node_modules/@angular/platform-browser/fesm2022/platform-browser.mjs",
      "file": "@angular_platform-browser.js",
      "fileHash": "72f09a6e",
      "needsInterop": false
    },
    "@angular/router": {
      "src": "../../../../../../node_modules/@angular/router/fesm2022/router.mjs",
      "file": "@angular_router.js",
      "fileHash": "4b4663c4",
      "needsInterop": false
    }
  },
  "chunks": {
    "chunk-DDSXTL3A": {
      "file": "chunk-DDSXTL3A.js"
    },
    "chunk-GZKEX4RU": {
      "file": "chunk-GZKEX4RU.js"
    }
  }
}